x,y,cluster
664159,550946,4
665845,557965,4
597173,575538,4
618600,551446,4
635690,608046,14
588100,557588,4
582015,546191,4
604678,574577,4
572029,518313,4
604737,574591,4
577728,587566,4
602013,574722,4
627968,574625,4
607269,536961,4
603145,574795,4
671919,571761,4
612184,570393,4
600032,575310,4
627912,593892,4
601967,604428,14
591851,569051,4
601444,572693,4
629718,558104,4
661430,603567,4
597551,556737,4
601182,582584,4
562704,570596,4
605107,563429,4
607214,575069,4
568824,570203,4
612485,518009,4
589244,573777,4
625579,551084,4
560237,500154,14
626224,569687,4
610666,551701,4
597428,569940,4
600582,599535,14
604168,555003,4
613871,550423,4
617310,551945,4
625728,579460,4
606300,566708,4
638559,558807,4
582176,630383,14
544056,577786,4
631297,578351,4
561574,621747,4
604973,574773,4
605284,556134,4
617910,592293,4
555904,640401,14
526559,509417,4
603849,572396,4
598634,619900,14
603359,589262,4
657455,567754,4
614279,599251,14
578496,631434,14
645171,595209,4
688015,533535,4
656477,573007,4
540029,563888,4
597418,538362,4
613545,574733,4
628696,542447,4
604157,574191,4
603126,497987,14
605850,533310,4
596179,529556,4
610330,552628,4
598184,531473,4
620438,511694,14
600202,622079,14
603021,577991,4
515612,540643,4
606548,574376,4
593490,623110,14
607084,595500,4
583728,563146,4
616044,533807,4
624452,584622,4
604438,574666,4
625709,660145,14
601376,579831,4
565148,557305,4
639418,537903,4
612799,537497,4
583653,652182,14
599808,596484,4
605250,573272,4
606738,601356,14
611044,571814,4
575440,568511,4
616329,529516,4
605927,572533,4
609286,586782,4
647354,579190,4
606929,571420,4
562920,559223,4
680357,620811,4
707100,601463,4
604294,574368,4
614917,600946,14
611508,503220,14
603789,574474,4
551740,588768,4
546031,570429,4
569197,559307,4
688712,568754,4
604067,574091,4
606809,572101,4
588597,622592,14
613840,534167,4
576263,547239,4
597077,568196,4
601339,571609,4
606011,569426,4
593398,559764,4
593166,622725,14
609796,532982,4
712648,607541,1
585048,505097,14
525967,565687,4
660327,585901,4
607604,573951,4
604001,573587,4
591484,571087,4
613868,585089,4
645464,660478,14
538571,654649,14
555429,604551,4
597620,586226,4
586097,567445,4
545235,539822,4
649088,575733,4
599123,616977,14
563763,559454,4
617717,613939,14
618869,577243,4
567188,560044,4
636628,533309,4
560362,567914,4
595014,632844,14
605876,550640,4
604352,573425,4
600679,599545,14
596891,579476,4
614943,540976,4
604415,571400,4
603698,573585,4
658199,568743,4
598759,582942,4
671269,590258,4
593317,534085,4
657985,453405,14
608557,590278,4
623004,508050,14
601900,569391,4
641031,593074,4
589658,640498,14
567565,573952,4
559078,570088,4
639431,588155,4
566609,537592,4
568570,579335,4
660650,615038,14
667639,571164,4
596796,529933,4
606111,617846,14
616060,590779,4
602873,527864,4
571334,594145,4
602167,543919,4
605100,573307,4
546640,560043,4
585195,555011,4
651740,589474,4
589112,536573,4
582057,543124,4
690968,555952,4
609030,552436,4
632125,541413,4
603445,630598,14
628264,616214,14
577242,574073,4
604090,574392,4
607911,576556,4
600665,638890,14
600117,539079,4
631182,565466,4
695646,652231,1
619445,567491,4
613191,571942,4
567428,580005,4
590583,623314,14
606289,670243,14
585175,574133,4
634967,579020,4
614615,574437,4
593061,579188,4
606933,576409,4
606587,573873,4
594084,629464,14
683697,581516,4
601530,577183,4
603055,589818,4
616561,619007,14
607463,477085,14
611581,572630,4
579712,568354,4
602887,595245,4
600039,557139,4
605913,579526,4
579773,568698,4
606324,544357,4
605958,573728,4
606144,575076,4
667472,570571,4
580048,565009,4
597802,576113,4
610263,574422,4
603855,575180,4
624369,532153,4
599870,591110,4
577167,617095,14
658403,611332,14
563460,480559,14
610980,522819,4
569422,567790,4
627727,578737,4
592804,584539,4
540783,626497,4
591823,639096,14
637323,549567,4
638078,629421,14
611315,560757,4
647103,573853,4
522993,595581,4
601187,531825,4
533799,564377,4
649034,528813,4
620975,564344,4
622407,583192,4
597026,642918,14
551291,576721,4
608768,610525,14
697959,614701,4
658281,582264,4
546632,599204,4
672565,564468,4
636500,587401,4
696144,548705,4
533551,582247,4
526802,551524,4
553038,606418,4
696601,603624,4
588964,597435,14
716139,621721,1
608529,586311,4
557378,567033,4
589994,610890,14
589344,563119,4
624415,515911,4
565483,551512,4
584895,574666,4
582777,542670,4
639394,576728,4
608298,573748,4
663578,586265,4
628080,562986,4
597421,554767,4
595193,576508,4
658103,572250,4
659529,498474,14
606415,581386,4
641976,577433,4
587466,564953,4
589180,595099,4
601885,573083,4
580561,528916,4
621726,578003,4
558817,576255,4
620213,574468,4
594010,570095,4
541976,512639,4
593840,578685,4
602667,575857,4
631446,561156,4
596481,567449,4
611318,581584,4
568546,564911,4
593865,572987,4
597017,575588,4
578804,573582,4
673750,594081,4
592714,553958,4
594029,586701,4
668502,563937,4
629533,537542,4
801539,318482,3
801667,318542,3
814045,332998,3
800479,321640,3
757470,224976,3
844536,424646,3
797105,316002,3
779956,271501,3
797205,313318,3
801323,316240,3
783666,262902,3
806131,312752,3
830658,368694,3
802482,335269,3
801910,325434,3
808062,337340,3
789833,304422,3
803603,327255,3
800865,312968,3
802237,318526,3
803959,315173,3
800123,312312,3
780927,285057,3
797242,324588,3
801551,320544,3
809182,319115,3
801931,317202,3
870801,476330,1
820327,352701,3
801093,317509,3
798523,324500,3
805237,318655,3
803375,311620,3
801441,323812,3
797313,317527,3
788220,301915,3
790395,300024,3
817135,349925,3
797787,301470,3
804630,332333,3
808710,330379,3
802111,320817,3
796375,309563,3
819768,346596,3
814605,354382,3
800565,319364,3
802089,313456,3
814401,341234,3
796609,319691,3
776131,248465,3
803464,329093,3
802646,317894,3
809550,327365,3
795322,311178,3
830450,393096,3
778414,260729,3
800041,318331,3
802814,320130,3
802738,312234,3
823913,369439,3
803386,318982,3
812869,346251,3
798904,324420,3
800447,331643,3
807446,342555,3
804251,329956,3
797594,302109,3
803448,314797,3
765502,240340,3
795527,315510,3
794640,313497,3
808717,335740,3
790932,305223,3
816852,352965,3
826228,376658,3
795299,312036,3
808686,332209,3
809594,344872,3
799275,324108,3
878184,487392,1
798472,322218,3
824822,367091,3
746769,205186,3
756701,207223,3
795489,287279,3
800483,320713,3
783491,288029,3
797162,306135,3
800272,316170,3
806827,324616,3
802853,314938,3
800804,316615,3
813173,354777,3
801588,319814,3
797400,315778,3
823840,368410,3
811391,343836,3
801055,321833,3
804038,306622,3
803780,334441,3
834173,386159,3
802784,313853,3
807293,347456,3
817119,336333,3
786635,269352,3
824624,381716,3
797415,319840,3
800772,325023,3
806626,318966,3
800845,311838,3
769386,259892,3
797272,324228,3
807409,325526,3
795836,291870,3
798321,319665,3
805372,313397,3
790738,308028,3
800667,315995,3
795205,316433,3
809054,345541,3
808452,320117,3
779897,279572,3
782642,275308,3
797569,321799,3
801751,318110,3
787644,297715,3
807401,314610,3
800677,310656,3
800394,301473,3
795571,310093,3
814158,335578,3
811913,325091,3
806982,316680,3
775604,274485,3
800133,327081,3
806511,313841,3
803796,314893,3
802012,318315,3
826789,377676,3
814108,344096,3
804354,309671,3
807017,330432,3
803774,334756,3
817410,346944,3
841928,398948,3
816145,349032,3
818622,370753,3
786245,292352,3
784164,285702,3
805390,319676,3
790774,303642,3
803277,319525,3
833182,379714,3
773023,251826,3
801609,320399,3
778965,282290,3
814317,333112,3
805080,323708,3
801080,318049,3
799724,318884,3
798059,316113,3
806176,320301,3
769876,257669,3
825716,373098,3
791983,298565,3
801386,313545,3
804871,317801,3
810903,332925,3
838276,395673,3
810543,341180,3
777978,252419,3
820258,351165,3
801997,319385,3
779437,281959,3
810253,323873,3
794826,309589,3
814280,344223,3
832651,373469,3
794142,306704,3
802041,319504,3
804190,320706,3
798983,325682,3
840462,402858,3
799912,323363,3
804119,328544,3
804358,320802,3
803057,331037,3
803031,325811,3
784151,283760,3
800444,311497,3
802004,317772,3
803470,319069,3
811277,335577,3
803332,315488,3
800037,317963,3
813436,360446,3
800694,316789,3
838129,404012,3
764997,249477,3
800316,311699,3
806848,320541,3
805462,317833,3
798308,312788,3
802655,316263,3
801456,320080,3
801309,318213,3
840886,397888,3
829529,375007,3
830805,370801,3
804979,334141,3
804013,316083,3
808489,317021,3
770113,241615,3
804332,319006,3
833661,389733,3
797834,297329,3
794956,309980,3
801232,307078,3
809552,342258,3
794615,305632,3
809259,345634,3
811502,355939,3
801301,316893,3
803370,318247,3
804702,315881,3
797009,293194,3
813791,334609,3
812965,330224,3
826048,374236,3
800959,322309,3
803405,317316,3
802254,320673,3
783116,265635,3
798633,317300,3
801482,327644,3
798612,326404,3
799001,302014,3
802537,312497,3
799794,315080,3
793892,313943,3
804691,332987,3
793855,298525,3
796952,318633,3
800655,320227,3
801780,318992,3
805977,320805,3
796916,323332,3
820904,351763,3
808405,318841,3
765283,249459,3
824212,363776,3
798981,311092,3
797178,310439,3
800582,316980,3
803839,310353,3
796283,315582,3
801145,317601,3
801662,318423,3
801782,318281,3
803377,319212,3
803932,318781,3
806192,337849,3
789583,287700,3
801586,318947,3
804251,331304,3
799667,316830,3
759789,229116,3
799021,326404,3
793684,312065,3
806320,315242,3
786234,267976,3
821151,366545,3
801903,312794,3
782506,279930,3
803627,319323,3
794991,291216,3
794667,315069,3
799291,317500,3
798243,324160,3
804408,337683,3
818119,348676,3
810502,336169,3
793560,285392,3
801326,315779,3
808644,326320,3
813645,328765,3
800966,317165,3
797111,302781,3
802431,322048,3
811061,333595,3
786719,283364,3
773955,239849,3
803701,321815,3
783110,289805,3
800235,316652,3
807421,317527,3
797947,319734,3
805035,317469,3
801166,322298,3
846693,429031,3
801493,322249,3
806087,326636,3
810657,329468,3
801313,300606,3
800390,309948,3
801634,318965,3
799197,314215,3
795254,296488,3
807696,320548,3
800461,326821,3
801174,320442,3
809781,326904,3
826585,366934,3
804429,312164,3
788005,292268,3
801183,316191,3
378274,816341,2
406233,813072,2
401478,785370,2
448651,847994,2
434440,822866,2
369199,734895,2
413241,771595,2
369418,733394,2
378563,789670,2
424190,780052,2
415993,776671,2
421352,799127,2
432656,783776,2
383032,788008,2
414377,771258,2
425260,773661,2
469139,810971,2
442979,803024,2
347079,803582,2
412797,803180,2
352874,807952,2
442286,755194,2
416433,786159,2
419700,793447,2
422961,821595,2
400008,789447,2
429586,775621,2
457561,788245,2
415417,785827,2
389552,750700,2
415598,786499,2
443447,783977,2
404792,749210,2
389392,730768,2
473485,847098,2
491614,778997,2
437483,785130,2
452570,848127,2
417197,778243,2
405986,787439,2
437568,794323,2
420319,794333,2
418963,746595,2
469422,822619,2
397688,762902,2
418149,790096,2
407289,798870,2
360319,778673,2
473799,795167,2
445199,763833,2
446537,828924,2
410019,732704,2
396540,815936,2
407694,718592,2
417091,792545,2
442260,754050,2
411526,784658,2
407814,765816,2
394022,803914,2
481133,781413,2
396118,794614,2
458538,786673,2
419721,789724,2
424476,781552,2
377720,727349,2
448336,789445,2
412227,787450,2
408745,824896,2
417016,774869,2
395274,786698,2
412541,806622,2
412109,735920,2
407023,787385,2
376660,815936,2
396548,784388,2
508535,830710,2
414014,816460,2
440782,782395,2
436951,814456,2
393758,750953,2
418410,795929,2
425991,787029,2
414562,787355,2
408712,803987,2
377858,811790,2
417169,792321,2
460371,780609,2
388873,746909,2
395641,808571,2
386436,791388,2
440667,768761,2
438437,730300,2
370839,727884,2
422917,781112,2
391555,789079,2
402666,814060,2
474368,812039,2
406176,760860,2
463768,793154,2
446307,796523,2
402309,786873,2
413946,786971,2
425053,790566,2
416926,785113,2
424023,737453,2
417447,782955,2
415672,787824,2
416019,787562,2
417515,787648,2
459230,803720,2
447833,819282,2
418199,851439,2
417393,771537,2
441415,780207,2
399634,751940,2
373360,784232,2
419227,779215,2
434717,808225,2
397669,792218,2
412028,773494,2
407504,803363,2
365147,790525,2
459328,805961,2
429472,860855,2
480128,785580,2
344915,702496,2
410969,770451,2
407460,791404,2
420476,750495,2
397747,792207,2
408428,771823,2
397806,749559,2
426040,825049,2
407565,766203,2
414317,828815,2
410610,765111,2
412388,784064,2
406337,750353,2
422419,754048,2
416039,730594,2
414512,793966,2
398478,822297,2
424375,721868,2
403890,792420,2
400902,772920,2
402367,782997,2
472917,830363,2
418621,840463,2
329002,727685,2
418618,811618,2
425356,745471,2
470922,770669,2
400598,790903,2
412851,774986,2
492415,829655,2
400079,749617,2
417673,785965,2
424720,768456,2
386415,801444,2
426689,788562,2
430747,776261,2
405714,781619,2
429220,787348,2
427850,762201,2
434080,785264,2
473514,788780,2
412386,777312,2
430686,844506,2
409142,811927,2
422198,724557,2
392185,713763,2
412677,786951,2
399149,784376,2
382693,749680,2
527515,831478,5
448519,805219,2
430779,770145,2
413556,758080,2
392140,769924,2
416855,794023,2
389713,772742,2
398498,776720,2
473727,807244,2
389410,788256,2
377230,790154,2
415564,784464,2
456799,844976,2
444336,820061,2
404359,783919,2
453154,776082,2
425019,759577,2
415895,775793,2
420083,787815,2
506612,858859,2
436648,859634,2
403522,785432,2
401407,759648,2
403852,792473,2
367398,701756,2
412453,784453,2
382124,786262,2
416884,786845,2
448865,836781,2
383821,808301,2
414249,796590,2
457338,789952,2
396276,785999,2
390282,789593,2
409417,758123,2
397561,815245,2
397137,742547,2
402891,801910,2
385257,791581,2
409628,833942,2
369249,797068,2
460942,779073,2
423146,737571,2
420509,788730,2
422736,790806,2
401492,790336,2
394018,799506,2
385140,796221,2
430243,781020,2
416775,806826,2
425796,795608,2
411488,837715,2
433989,765343,2
415806,783594,2
417023,771194,2
415270,775605,2
391163,811977,2
405350,762342,2
414860,773921,2
371779,814715,2
415631,805010,2
387951,813315,2
472691,802678,2
471930,844046,2
432892,815223,2
366654,802105,2
411721,717873,2
426115,814461,2
375997,806621,2
385561,718324,2
375573,809249,2
437958,784801,2
363857,784086,2
430138,818594,2
435085,791564,2
414036,742189,2
425611,793420,2
439793,740773,2
467107,817914,2
387631,749416,2
430001,765803,2
384225,784381,2
417146,822655,2
427371,819417,2
399587,792459,2
474648,778810,2
345692,788190,2
409515,756149,2
469782,780552,2
468229,827985,2
414951,852935,2
409701,750741,2
442826,795974,2
459556,818479,2
423311,813081,2
476144,772131,2
391976,789416,2
448649,813885,2
496658,816784,2
410336,767856,2
430167,811490,2
357467,797530,2
404220,785798,2
446368,763341,2
439514,758221,2
424145,743433,2
470062,771204,2
421187,779726,2
396617,801039,2
394708,739061,2
394912,755947,2
425950,788228,2
408283,806161,2
419520,778231,2
441950,785934,2
409814,836083,2
395817,788858,2
422776,808328,2
363959,810632,2
422943,804253,2
407626,771304,2
347933,797148,2
457554,795861,2
394274,837428,2
445674,768552,2
416359,786189,2
419485,804779,2
376176,795539,2
349378,805118,2
456566,743012,2
484407,809641,2
403329,717870,2
392795,817694,2
372621,772258,2
461751,817277,2
489182,773934,2
427388,815258,2
418155,819422,2
437035,755506,2
416444,783624,2
777811,751059,12
823974,725025,12
749723,781756,12
875160,698897,12
828194,742074,12
800913,749332,12
831165,783383,12
793019,764859,12
810467,706465,12
803540,754792,12
844662,654835,12
803962,731228,12
823065,733789,12
822156,732296,12
811389,723618,12
779936,774397,12
854769,713941,12
803457,735855,12
790712,745884,12
815652,733433,12
841289,701474,12
832054,751330,12
786032,701427,12
824835,704997,12
832886,781206,12
818063,797960,12
857620,709386,12
828589,652430,12
836727,737798,12
776000,780347,12
824098,714042,12
830583,710990,12
862189,735684,12
815131,704478,12
828478,655405,12
784838,771499,12
880362,706363,12
767482,727417,12
825070,734215,12
813781,738344,12
840863,737972,12
840943,739611,12
828276,762021,12
822883,728314,12
854886,769396,12
829623,732301,12
835428,731189,12
818338,800932,12
823417,701523,12
812152,689907,12
829969,699565,12
861563,661642,12
816955,747629,12
774526,757135,12
803577,712231,12
798056,714380,12
881789,727577,12
858867,700187,12
834996,728517,12
839121,736259,12
841045,738224,12
840100,728839,12
874544,686096,12
862334,747768,12
820253,714625,12
817862,732248,12
844729,682981,12
846484,719360,12
793669,724513,12
821906,732848,12
826465,646980,12
820350,748217,12
814540,707227,12
838223,766380,12
869471,745767,12
816054,733183,12
801177,737548,12
848783,748980,12
814105,723255,12
838036,749612,12
840270,725456,12
789601,714058,12
827169,708345,12
789448,738035,12
835030,668528,12
848151,741869,12
816091,747764,12
801511,761094,12
822670,689090,12
873672,734440,12
808153,737136,12
755829,751858,12
814697,729209,12
832758,707452,12
848264,762550,12
799903,784535,12
802674,727804,12
828147,808738,12
820707,705318,12
824594,741664,12
804474,747122,12
823108,733302,12
839514,728923,12
827711,732798,12
851644,721350,12
816390,711340,12
798007,723995,12
790612,738038,12
821909,728448,12
865754,723314,12
735295,814058,12
877711,703850,12
792990,685472,12
809917,762429,12
789388,712210,12
879221,655497,12
876935,684572,12
819439,735945,12
807929,730950,12
850451,764015,12
811748,766105,12
824765,761114,12
848586,789052,12
812231,739235,12
873532,712802,12
842590,716861,12
832798,734777,12
817640,730018,12
824322,744720,12
777697,798253,12
868493,677155,12
805658,698630,12
840349,790707,12
796953,726378,12
832589,782799,12
817441,709397,12
856029,730586,12
805089,762512,12
854628,773470,12
846090,651306,12
796943,674692,12
827192,785316,12
818209,719382,12
795200,786424,12
817777,724927,12
846512,683647,12
825080,746712,12
824674,806300,12
822616,735941,12
805391,732659,12
823250,732088,12
850376,739749,12
821337,733356,12
796786,724615,12
862425,741010,12
825690,703854,12
800872,672603,12
825395,715780,12
843911,730036,12
820238,732928,12
848570,703697,12
825515,738284,12
820367,732364,12
822025,749214,12
837718,761480,12
871723,685520,12
850904,720163,12
816775,739989,12
822103,732911,12
815455,755486,12
835648,756631,12
868626,737331,12
825997,730652,12
817252,730254,12
877906,722361,12
808440,729985,12
791470,751113,12
841654,764836,12
825429,732758,12
751215,828365,12
804706,788001,12
820194,734233,12
869991,705259,12
809779,663654,12
822078,711840,12
866139,717138,12
829379,718721,12
837582,763266,12
783999,732487,12
800231,732106,12
862569,719773,12
838764,652792,12
849343,713993,12
828297,715480,12
821259,750089,12
874643,729921,12
819058,729125,12
817018,729596,12
797804,715342,12
838515,768484,12
829398,724900,12
754841,796342,12
878690,739021,12
821908,732077,12
786495,759000,12
823987,687499,12
787988,741203,12
839339,726322,12
822425,727248,12
854412,725575,12
788351,737539,12
838587,700545,12
840425,762290,12
817395,734126,12
807913,737341,12
872285,750708,12
788166,702817,12
836225,709204,12
822293,786837,12
888892,702505,12
822623,745025,12
795124,696429,12
832238,725434,12
815593,689874,12
843572,784897,12
833716,758772,12
822474,780882,12
801102,759330,12
841752,731595,12
808779,732990,12
822533,758955,12
817807,715863,12
837977,728814,12
801204,755177,12
819628,810748,12
814732,734183,12
832086,716249,12
876503,659112,12
823856,749355,12
819737,737829,12
818756,743887,12
811971,664520,12
801526,705057,12
827031,734324,12
843891,721571,12
810460,735109,12
782368,759352,12
801172,715857,12
866928,716961,12
829673,730398,12
850888,736810,12
786935,732999,12
769656,721159,12
804925,735492,12
870054,738900,12
818932,728481,12
853692,746285,12
807072,687932,12
750459,800215,12
823959,737866,12
835804,710711,12
790206,747165,12
813092,739043,12
801810,728106,12
825404,733788,12
820947,730529,12
827081,694553,12
822664,720677,12
768565,762193,12
823113,733720,12
821079,800206,12
828531,731300,12
820757,738235,12
781260,737962,12
819438,662327,12
833504,744564,12
789552,731946,12
822843,763117,12
775555,719683,12
865084,713697,12
820455,729132,12
849547,738979,12
762269,792243,12
821464,700760,12
824013,753991,12
803369,698753,12
823589,728083,12
796353,710294,12
820083,728310,12
829133,735488,12
823455,747394,12
818542,740451,12
809623,734937,12
841762,777572,12
802184,751958,12
803874,675499,12
830065,739162,12
824140,729074,12
852730,769968,12
866760,753547,12
811031,703822,12
825414,734466,12
816615,770855,12
786227,765634,12
817269,733788,12
809453,736879,12
757421,774445,12
818251,731938,12
788020,765562,12
823618,734216,12
812295,728049,12
837545,696979,12
797918,694723,12
822224,742716,12
821895,732158,12
797233,713358,12
800258,733812,12
813319,737376,12
860951,162251,10
860387,157731,10
857363,154639,10
863391,126214,10
839094,159543,10
849248,164090,10
875990,133950,10
905936,150106,10
895835,123485,10
818079,108536,10
898976,198452,10
869087,153957,10
849653,143827,10
834293,161575,10
844234,153197,10
835128,212354,10
828179,155649,10
875410,128878,10
850965,156224,10
800816,176612,10
832621,150748,10
876863,176593,10
826192,172906,10
862679,188399,10
839974,154358,10
854338,135067,10
855233,141357,10
850538,160159,10
868442,160118,10
888714,205560,10
864185,161232,10
851280,156049,10
875825,204959,10
840375,155757,10
892340,149050,10
873527,126426,10
836433,200181,10
826499,142732,10
854922,159650,10
883537,210648,10
807420,168787,10
840299,118907,10
834602,213597,10
864053,139325,10
856454,117143,10
857972,160214,10
850046,108829,10
804936,148980,10
864374,150149,10
858587,150101,10
870247,121460,10
855656,162100,10
850176,127908,10
850057,157848,10
828005,145089,10
861994,160156,10
849537,157510,10
867125,168762,10
838142,156770,10
847644,164348,10
856349,158150,10
860606,152843,10
869288,168662,10
838328,185708,10
860986,140320,10
829229,143653,10
866051,172932,10
871556,194747,10
865489,161762,10
851840,110475,10
846256,154064,10
836081,178429,10
859707,202806,10
849938,156042,10
894124,202052,10
864325,170593,10
848108,161786,10
817619,181929,10
858058,196183,10
861242,161722,10
885793,172115,10
850577,157049,10
877125,161227,10
883864,111281,10
891699,170415,10
802394,87835,10
862759,157988,10
824185,167369,10
813124,157130,10
840335,164912,10
858042,178196,10
846257,145306,10
858516,151301,10
851282,153750,10
905005,164126,10
857309,139276,10
845589,192916,10
895245,150977,10
863995,150435,10
862642,159379,10
861631,169376,10
858934,162874,10
912023,160368,10
842824,177832,10
824560,133679,10
842281,175525,10
860845,155375,10
841096,188742,10
821428,153468,10
840357,169437,10
827802,189078,10
844734,164570,10
847812,114745,10
887269,166179,10
830159,134329,10
850925,157811,10
847276,121785,10
870599,149782,10
780153,136449,10
814379,132655,10
834483,173379,10
852423,159874,10
854012,157449,10
883375,158482,10
850219,110573,10
836450,151205,10
881217,172320,10
813239,139752,10
871255,140340,10
789356,159383,10
873690,156226,10
858834,149259,10
778867,140736,10
872057,122354,10
882097,161493,10
787336,144875,10
849751,167033,10
843833,170416,10
850663,157840,10
812240,177846,10
838609,140215,10
850959,157920,10
859703,156782,10
854753,190254,10
895723,126593,10
857833,170565,10
850200,164752,10
845303,150476,10
877422,134877,10
850153,155701,10
819256,201704,10
871689,155981,10
818014,140185,10
815298,167390,10
864088,171351,10
902529,162041,10
908069,146564,10
799326,106384,10
854996,81095,10
843813,182032,10
888504,147016,10
877964,242679,10
851866,156896,10
821361,175823,10
810775,160434,10
843150,156573,10
844088,150085,10
830620,117906,10
835790,127898,10
819541,117296,10
858703,157931,10
857846,153281,10
876408,183646,10
842576,153072,10
848974,199427,10
862925,243856,10
856561,128799,10
834171,189042,10
872516,217570,10
869167,105039,10
819670,183364,10
846575,159002,10
895127,152283,10
830445,186055,10
792179,148539,10
852410,187705,10
853554,158012,10
927170,250593,10
825605,167750,10
846731,162515,10
878170,123364,10
884966,133900,10
866987,154415,10
846284,113820,10
873474,159567,10
878258,158631,10
882306,173836,10
856924,169071,10
794260,129843,10
851568,114049,10
868736,179354,10
925732,210388,10
868375,161990,10
855593,161003,10
849599,157084,10
868317,177001,10
800304,163436,10
823740,169808,10
856202,158811,10
883929,121705,10
851010,157593,10
872506,157517,10
850533,160136,10
816393,185056,10
850911,157772,10
812942,85345,10
835581,147664,10
913298,162009,10
858172,137586,10
872781,154295,10
871597,185239,10
923120,170161,10
837019,215527,10
835702,176502,10
837017,154170,10
859177,143273,10
866851,129505,10
855852,134834,10
924289,171369,10
860154,113364,10
836739,162321,10
850775,162968,10
884750,154317,10
849681,125345,10
854463,159977,10
883567,161769,10
848137,87922,10
823676,152154,10
848135,130674,10
844400,150812,10
864494,136669,10
878157,210496,10
851088,157432,10
786528,104976,10
860106,157080,10
861412,205239,10
820675,168154,10
834036,144156,10
842907,133992,10
846720,162060,10
871544,144135,10
849003,115373,10
856753,145184,10
839757,190518,10
865113,161302,10
846936,161313,10
845802,172285,10
844357,163402,10
881106,105566,10
877835,151890,10
839445,149778,10
866560,165110,10
845798,213118,10
818668,120458,10
831446,182864,10
900955,185733,10
836647,167267,10
874672,104851,10
849126,121710,10
889142,154467,10
855993,225023,10
854095,158510,10
850787,125678,10
859298,139834,10
829216,121494,10
837676,148639,10
851919,127963,10
841353,125628,10
848563,117708,10
893106,176595,10
852503,146551,10
848290,143184,10
825541,151495,10
883231,232031,10
864667,143614,10
805089,96540,10
854909,149938,10
847097,176660,10
910435,171155,10
878749,188759,10
871780,158486,10
841292,155620,10
846011,160034,10
855969,193497,10
860927,110775,10
808069,134402,10
848413,183717,10
791722,162000,10
852104,134678,10
806567,140259,10
847423,161535,10
867993,162841,10
828038,149181,10
849404,170474,10
841967,150890,10
850945,161669,10
888697,143969,10
813868,188928,10
864991,159874,10
881109,152198,10
811694,188374,10
900360,153622,10
885764,151791,10
814553,164190,10
895623,178393,10
829790,205695,10
865170,173755,10
850453,155432,10
864211,216526,10
848770,111076,10
791199,164843,10
834165,140684,10
843905,219401,10
857328,143692,10
838146,159541,10
340693,569371,13
315965,587160,13
405652,622938,13
359831,554975,13
349296,557688,13
289423,559134,13
408689,562521,13
321312,574721,13
286568,547471,13
370259,585265,13
339967,562602,13
410917,614521,13
283570,563726,13
347197,591316,13
342064,570045,13
317331,556086,13
335792,541310,13
330455,568758,13
366794,582584,13
378697,591764,13
339981,565418,13
338342,566864,13
338474,563350,13
432052,613723,13
340064,550509,13
334354,578047,13
296775,572432,13
353335,592567,13
334016,562797,13
328438,532686,13
365927,571713,13
343247,564376,13
325057,581121,13
330881,579058,13
378648,579579,13
339115,566863,13
333299,597586,13
367048,553451,13
345840,561591,13
366934,581294,13
358793,547046,13
393570,579641,13
304399,545221,13
353979,578923,13
337002,589527,13
327738,559624,13
334549,579199,13
297110,556485,13
327403,548875,13
413894,564459,13
326043,553772,13
337811,558454,13
333901,532836,13
340545,568654,13
358483,554925,13
318065,581616,13
367751,578289,13
331667,570387,13
321519,561045,13
299578,572052,13
339632,536577,13
339993,544064,13
268672,508874,13
332960,569308,13
345042,566973,13
352220,602793,13
333934,537464,13
312386,555195,13
334182,558498,13
335328,562880,13
303637,570253,13
353145,580916,13
325118,556212,13
294310,563522,13
371563,547746,13
373894,555347,13
407040,577739,13
337298,565486,13
357813,572855,13
304157,566007,13
335918,566525,13
330127,570072,13
339212,538693,13
357275,551101,13
334785,565575,13
326152,563230,13
345903,561314,13
238748,551038,13
331175,551842,13
352520,566829,13
341675,560197,13
354746,552404,13
412500,594675,13
277027,536847,13
322209,547247,13
375619,553791,13
288068,561932,13
344770,570309,13
284031,566654,13
324442,567881,13
356246,549756,13
404420,577532,13
336829,562228,13
293591,522132,13
342963,582232,13
338860,561151,13
324055,590810,13
328331,541094,13
357737,597104,13
392534,593343,13
298665,568245,13
343376,575709,13
338863,563107,13
361370,552483,13
338935,567577,13
350117,535859,13
371000,555062,13
368617,554066,13
331795,529654,13
344237,573700,13
280110,522025,13
328657,564864,13
452457,597461,13
333669,542228,13
320628,564596,13
316642,553340,13
340712,563178,13
349955,535578,13
261538,525920,13
411008,607342,13
317136,563479,13
297022,574097,13
319927,524637,13
359772,568428,13
344791,578536,13
324093,580491,13
373907,558472,13
321905,573147,13
341721,576427,13
386373,606623,13
338588,543875,13
341578,558672,13
371616,570648,13
331987,568997,13
341329,565571,13
334350,556417,13
330482,571217,13
338950,572545,13
289087,565427,13
343997,585193,13
225786,529417,13
365567,547606,13
320827,519618,13
286990,529505,13
321517,569562,13
388806,569524,13
411796,581307,13
331440,551885,13
325958,573367,13
348171,569251,13
344239,530765,13
419151,577335,13
321309,569996,13
386377,574187,13
342099,561508,13
366688,562413,13
321657,538660,13
403004,613466,13
363304,553764,13
384922,582877,13
304556,568584,13
336787,538925,13
327998,571265,13
303269,531608,13
313649,523765,13
337889,558031,13
360165,553303,13
340032,561740,13
338634,564414,13
351459,565704,13
412767,593558,13
283474,532727,13
336928,557412,13
366478,594677,13
343450,570659,13
331616,565089,13
354529,573677,13
276703,559740,13
282066,560178,13
331366,567311,13
321910,573825,13
290107,571927,13
281979,518199,13
374695,563163,13
340191,567638,13
338583,563529,13
358312,559466,13
338474,564151,13
338205,566246,13
342901,582886,13
265815,540385,13
304086,576100,13
347966,563506,13
346144,560472,13
352381,592377,13
318681,528806,13
369366,561201,13
310041,533285,13
344314,595915,13
363956,609339,13
328586,551385,13
330767,552963,13
312558,520650,13
315850,573154,13
379388,567285,13
329905,579935,13
352209,548608,13
357679,548036,13
339288,588052,13
330335,568221,13
341559,562163,13
341925,569393,13
327695,543105,13
335999,549795,13
302359,534317,13
332586,566187,13
330750,561657,13
400380,588221,13
337910,562252,13
336549,565597,13
343717,559909,13
332116,594868,13
358384,556361,13
415881,584352,13
345164,579614,13
316395,537403,13
340970,564831,13
340383,600071,13
326627,534442,13
356865,545785,13
306298,551902,13
347575,565576,13
302583,571881,13
352424,557574,13
279008,521035,13
335029,553213,13
338753,563384,13
324032,577807,13
327973,534972,13
321924,527106,13
345495,579864,13
385091,599401,13
361138,551307,13
332884,533990,13
269126,508814,13
350056,566657,13
374117,546122,13
350283,559840,13
335525,567445,13
350798,535657,13
289002,520678,13
324516,522674,7
364844,571623,13
351815,574947,13
275524,559548,13
348773,583528,13
308966,523409,13
316313,570785,13
341966,561987,13
341446,538787,13
318823,565345,13
347522,587567,13
293746,544468,13
334983,572690,13
325125,564342,13
330145,546705,13
336336,563145,13
302353,545544,13
321216,569834,13
285152,520229,13
335027,565050,13
332270,556288,13
341016,545280,13
339640,561426,13
338633,563504,13
324952,565867,13
353583,554147,13
385183,556284,13
292636,520371,13
289176,571435,13
310944,559497,13
336974,563207,13
337173,557853,13
396903,591235,13
324440,567074,13
333378,557892,13
300366,565761,13
344437,529492,13
325871,558965,13
367641,556309,13
344552,554676,13
297212,546223,13
355924,577596,13
331340,524203,7
292932,558293,13
306346,523584,13
341966,586266,13
282430,560217,13
326251,549298,13
335201,585318,13
351564,573155,13
322365,530808,13
405542,600089,13
296763,528676,13
221233,538472,13
338084,560295,13
345674,579033,13
325883,560492,13
345123,577788,13
329859,564384,13
353939,570931,13
409616,575024,13
365058,545456,13
404782,557913,13
368724,598412,13
344096,575522,13
182618,346663,9
171461,348130,9
186536,330019,9
177241,292639,9
248683,383412,9
174057,358906,9
215243,289985,9
170688,343596,9
144502,345417,9
165689,356983,9
168443,367928,9
165158,343946,9
159711,352701,9
175781,341039,9
233480,289069,9
189029,366740,9
168573,350387,9
170271,306395,9
192775,350028,9
152054,345632,9
139299,314046,9
202053,322650,9
134695,350397,9
159654,381778,9
188093,324040,9
183236,338163,9
156984,430950,9
182751,435819,9
198908,372797,9
198517,325721,9
161345,350804,9
210497,359835,9
141993,331189,9
170788,373545,9
166449,363036,9
155479,345893,9
186380,363938,9
129332,360811,9
224225,376975,9
165945,345849,9
223550,323197,9
122755,434879,9
166584,349245,9
179472,342273,9
148749,359845,9
177505,332053,9
160222,380591,9
178869,370161,9
170002,370000,9
164354,347671,9
169966,368623,9
145867,363616,9
181561,358111,9
164915,350360,9
166973,341636,9
153181,277968,9
155505,355581,9
160835,347784,9
211265,396792,9
203254,362605,9
137967,354539,9
174064,357989,9
179609,408365,9
176506,351827,9
172879,347028,9
180506,330980,9
185966,359964,9
146070,316860,9
152957,321354,9
163190,331719,9
186914,361706,9
159191,309314,9
170425,316185,9
162040,316797,9
195000,354829,9
126702,351222,9
213064,290947,9
140612,350010,9
172885,352621,9
170155,343568,9
186806,334070,9
146072,288800,9
169293,348686,9
169502,411323,9
152861,407965,9
156041,295117,9
117585,391892,9
163981,344090,9
158664,310765,9
141113,351050,9
163796,345091,9
160369,353500,9
235671,300234,9
140876,334435,9
108232,373112,9
192460,388323,9
133744,308918,9
216209,437830,9
156945,339397,9
199859,316334,9
159496,331641,9
167845,341409,9
182435,365508,9
133795,360518,9
169628,365003,9
167262,399527,9
177728,352687,9
130683,363204,9
198197,344933,9
197735,355477,9
172020,342883,9
185561,342784,9
202011,337353,9
157394,346500,9
182050,424341,9
129664,341196,9
173188,355248,9
182499,310438,9
170384,339979,9
182093,321311,9
185696,338006,9
102221,374657,9
165881,364469,9
164875,349007,9
159120,340829,9
168274,374689,9
178495,373915,9
179811,342089,9
162606,363185,9
173908,362098,9
133580,348602,9
190634,357254,9
186503,369651,9
127134,379827,9
169145,355279,9
140121,346875,9
141860,324304,9
200251,306215,9
174373,363552,9
170022,347877,9
165657,338722,9
186361,351075,9
213022,338238,9
155228,357729,9
171614,435530,9
175586,365049,9
187858,381077,9
171074,293610,9
153738,360530,9
199043,270173,9
165886,348709,9
159428,300364,9
197463,378513,9
161273,347538,9
186082,330058,9
143732,279724,9
142899,329415,9
156977,424622,9
174878,362329,9
148915,338914,9
187324,377187,9
175766,380534,9
185071,362905,9
158550,354818,9
174672,345849,9
169880,343122,9
109090,326101,9
187854,354777,9
153903,353738,9
190241,329582,9
102983,382712,9
143117,345163,9
188985,367645,9
174834,411644,9
144228,344974,9
146821,297434,9
171848,343242,9
94382,320888,9
154412,310120,9
176490,344679,9
170616,352610,9
81648,360080,9
153607,379395,9
183970,355973,9
105444,361358,9
158571,361986,9
177579,319865,9
198892,322470,9
216975,296647,9
166654,350678,9
189102,333074,9
198712,303299,9
137098,384889,9
144306,328086,9
142455,343512,9
178319,318244,9
168886,353913,9
174656,393278,9
130805,354417,9
176433,350561,9
142252,329183,9
165476,377389,9
210102,333312,9
129453,321221,9
144705,375936,9
206687,342276,9
153583,352282,9
189499,356601,9
159392,351000,9
181463,326571,9
162975,335389,9
157691,334886,9
154167,353183,9
165607,362883,9
182239,333302,9
176982,354631,9
183516,374212,9
191099,341570,9
184570,360446,9
207804,354938,9
198493,326704,9
149269,341445,9
184798,392233,9
174438,319075,9
107124,325984,9
76052,360840,9
159302,337993,9
140101,341028,9
168149,345638,9
150009,371014,9
157193,350343,9
111476,358647,9
151164,332239,9
171318,373473,9
175169,349454,9
162600,392531,9
168067,340249,9
170102,323164,9
124132,340448,9
149863,284721,9
168079,347343,9
128953,304971,9
169228,364545,9
198415,321418,9
183610,321788,9
220869,407358,9
159472,372246,9
170837,353968,9
165653,317602,9
135537,356169,9
166973,334724,9
158750,312102,9
161448,373412,9
158713,379013,9
180493,319750,9
125715,302114,9
194033,340466,9
158871,312380,9
161387,343617,9
169121,347594,9
167653,352074,9
125902,318850,9
217686,296514,9
171986,429306,9
211360,279794,9
157181,346842,9
188909,341194,9
140128,325904,9
117874,389929,9
162921,317643,9
173978,346514,9
98533,355691,9
194956,372256,9
164847,287064,9
174410,372064,9
149092,352682,9
166323,352927,9
178515,370287,9
169337,348605,9
122986,334382,9
145282,391482,9
185919,363092,9
180519,368284,9
181227,347052,9
168284,309036,9
198251,335402,9
160922,347681,9
141861,328909,9
147911,328024,9
178264,330827,9
178235,346006,9
195151,317753,9
122360,357480,9
167330,332452,9
115363,305575,9
185661,404482,9
177858,352255,9
113068,317574,9
125675,360158,9
172842,351663,9
124724,459999,9
169069,348929,9
185253,344152,9
155625,262321,9
158201,315944,9
171277,361020,9
209553,326461,9
160165,362858,9
190725,336160,9
169994,409806,9
179463,361279,9
172662,388185,9
165284,425978,9
160206,303063,9
155690,368375,9
124516,325289,9
179326,321160,9
165573,305517,9
155508,372355,9
166799,318482,9
161780,324523,9
168805,351913,9
206519,355629,9
163091,350167,9
176144,353300,9
179483,359645,9
213951,352868,9
164046,346109,9
169569,346955,9
225356,318394,9
214966,358837,9
159253,343477,9
219779,330969,9
169876,340860,9
669118,354195,6
613682,399434,6
617399,392653,6
629247,364078,6
641070,424917,6
609532,388425,6
629369,398359,6
605911,379990,6
622550,391601,6
607905,403460,6
679465,399014,6
608711,373665,6
623498,399288,6
601212,370698,6
574989,407228,6
563517,391159,6
687717,379483,6
616040,330855,14
653024,367312,6
607440,403119,6
620240,397022,6
599215,391457,6
587478,424878,6
613921,394043,6
624328,392133,6
635887,384511,6
559877,401053,6
617755,401065,6
693265,388552,6
559933,403956,6
655859,416496,6
625919,402984,6
595215,391491,6
617493,379303,6
598657,442558,14
601644,436831,14
617118,374098,6
591051,389443,6
617296,386864,6
616468,394118,6
630384,376295,6
558770,390646,6
637332,414017,6
556780,409205,6
577473,384210,6
650054,432740,14
595063,328609,14
714443,433876,6
603566,410391,6
562356,383175,6
546166,423311,6
626539,394908,6
663820,416308,6
710910,464586,6
624310,398408,6
632546,389750,6
667249,417107,6
608309,377530,6
611357,393577,6
658219,436184,14
615032,402225,6
628131,406850,6
632390,363198,6
575116,345564,6
625784,441883,14
618893,419740,6
579564,428498,6
686324,364237,6
586242,396484,6
623248,399928,6
609219,362804,6
537211,376777,6
605310,394011,6
634973,450542,14
595411,413706,6
613037,419086,6
617444,397675,6
633304,366062,6
592620,446156,14
631633,337973,14
619637,395224,6
620330,398630,6
621964,409409,6
618446,372298,6
629789,426313,14
608687,374928,6
680646,375662,6
591831,438997,14
550086,442382,6
620330,396776,6
551236,401856,6
617178,414525,6
584938,344365,6
622636,456843,14
649987,408293,6
613719,382828,6
576987,392508,6
599766,409755,6
584077,398498,6
695514,321521,6
561388,355834,6
691600,397893,6
610676,449688,14
600114,413216,6
626811,372435,6
636291,360636,14
570384,393553,6
626700,401688,6
624106,398619,6
523329,404632,6
611954,360938,6
613536,395801,6
576488,397913,6
652745,406585,6
603193,371867,6
610026,444858,14
629725,405117,6
648429,422590,6
562772,382904,6
638823,411764,6
617764,397102,6
579922,379009,6
610698,396326,6
642607,374702,6
621629,397208,6
659321,404555,6
576235,462612,14
598628,425191,14
623502,420376,6
665965,449273,14
608923,385575,6
611579,407670,6
617573,386848,6
589862,418742,6
653325,396810,6
605073,372055,6
623137,408209,6
499262,398424,7
619339,401624,6
619295,397643,6
578878,420108,6
533577,355107,6
615934,426539,14
690195,475150,4
673514,390760,6
657120,386782,6
549945,372313,6
675858,410545,6
626586,415166,6
618449,404599,6
638783,399478,6
578113,395458,6
622557,361134,14
635324,420555,6
666135,430421,6
689725,465685,14
593601,445149,14
615094,383077,6
624599,417673,6
573969,434110,6
642881,403147,6
634383,422065,6
582389,428200,6
617330,369828,6
621989,394856,6
651828,468138,14
612936,398723,6
613351,407952,6
562777,437516,6
533212,366954,6
618113,400002,6
609344,448128,14
615342,413931,6
623989,368662,6
620187,400168,6
687638,439257,6
573925,449341,14
547270,403384,6
619318,361696,6
588432,446279,14
592924,393730,6
615325,383841,6
611875,422910,6
681941,370225,6
620818,396967,6
662154,385013,6
554938,347875,6
628655,321099,14
619628,399433,6
660333,393215,6
618391,348381,14
565829,395454,6
617689,397001,6
604554,393193,6
572417,403906,6
659193,384523,6
632060,367800,6
633894,404424,6
620610,395343,6
615175,397627,6
624293,333944,14
593689,316888,14
617319,374666,6
572244,349463,6
619239,400025,6
621622,390298,6
622101,371771,6
630205,338054,14
654147,407182,6
637594,420311,6
629004,392271,6
585207,336451,6
618349,397614,6
650157,402991,6
638966,486628,14
655201,411873,6
602335,433298,14
630706,388370,6
617428,397343,6
621537,390372,6
631365,450732,14
618406,404239,6
601390,453925,14
603945,361794,6
619427,396945,6
660103,414557,6
700340,335010,6
608182,416637,6
661166,404325,6
620939,385731,6
626371,349696,14
614683,367259,6
619332,401992,6
587453,401098,6
652349,321291,14
617954,395504,6
636807,424537,6
533889,333741,6
623386,387031,6
632952,385722,6
695010,449565,6
626843,367696,6
488205,420586,7
611547,411952,6
621241,368090,6
581240,362971,6
608747,363132,6
662177,420431,6
615665,405490,6
617447,366176,6
560393,389490,6
685785,409913,6
623433,400160,6
609091,437020,14
624343,403629,6
668879,388617,6
567105,437623,6
657450,365008,6
591955,378142,6
588952,437524,14
607665,447516,14
608601,418450,6
662830,420955,6
605891,428146,14
615239,317684,14
588933,366439,6
618053,357534,14
577773,434308,6
606558,458285,14
620955,389692,6
738190,371970,6
634661,446187,14
571692,449353,14
605650,447537,14
639502,371440,6
684568,380640,6
658735,399039,6
618157,384990,6
618869,398187,6
603388,403039,6
585255,415823,6
639507,438534,14
594112,399331,6
619475,400592,6
571570,375257,6
659297,373975,6
603285,449307,14
610199,394579,6
590500,418472,6
630904,404643,6
591725,406549,6
621560,397789,6
563182,367521,6
593879,444161,14
616054,371666,6
627679,395601,6
608195,447380,14
616737,397973,6
650120,324477,14
616926,398697,6
650859,460072,14
642157,345545,14
601369,411415,6
604703,392288,6
721905,378957,6
619415,397644,6
571043,347389,6
659191,459637,14
629978,400626,6
688487,383589,6
598053,438963,14
635242,356290,14
605899,412428,6
656642,407213,6
619924,406713,6
630067,372798,6
600007,377908,6
589164,386733,6
630491,379017,6
618676,377015,6
639613,388524,6
669409,415893,6
681608,436537,6
649968,371445,6
629000,417990,6
658884,390135,6
605407,427914,14
629891,414975,6
621778,364695,6
610722,418243,6
601599,388540,6
615649,429323,14
627206,402647,6
643965,366316,6
614877,402442,6
606486,420054,6
668482,358452,6
628715,434772,14
196462,887983,8
335970,846828,8
272394,837600,8
211165,825505,8
226433,837646,8
219686,859997,8
242087,844255,8
213558,873714,8
245144,845719,8
247997,878582,8
283576,809069,8
224676,859348,8
298214,820903,8
245468,859425,8
222704,824909,8
250921,819639,8
249209,801933,0
230591,874855,8
234091,876039,8
286769,862152,8
224789,866804,8
245023,849247,8
263626,851699,8
250198,825417,8
231263,863308,8
307605,840195,8
276635,875623,8
230399,842538,8
274070,798617,0
247939,831010,8
209922,850026,8
300726,862728,8
222727,770963,0
239505,885057,8
291561,845450,8
221122,832810,8
194258,914691,8
228928,855040,8
264627,808661,0
225916,843329,8
240221,843932,8
276600,823311,8
204854,810013,0
278326,829095,8
246047,846189,8
251032,876118,8
285258,848668,8
260943,889692,8
245928,867228,8
221002,870506,8
292872,896822,8
261896,897475,8
269723,849664,8
243941,843256,8
249370,872804,8
237120,856814,8
257472,849587,8
253703,834676,8
238080,830689,8
225991,869734,8
231781,799444,0
296892,901182,8
234604,822462,8
241473,860854,8
219864,842635,8
235901,856563,8
207217,878249,8
256949,820470,8
204597,863162,8
325275,866433,8
239344,814789,8
187894,871219,8
259973,862559,8
189752,865463,8
245707,844466,8
188480,870646,8
305915,854818,8
242443,851797,8
227138,824372,8
229970,878786,8
281971,825246,8
241166,845204,8
225846,874086,8
284077,905181,8
258975,837353,8
241972,840749,8
245602,857160,8
227363,836593,8
257926,936947,8
237689,839510,8
267799,847911,8
207552,772091,0
201567,881003,8
265125,820661,8
273165,852766,8
290210,818593,8
256487,868899,8
271395,862063,8
251958,886571,8
249253,856047,8
268289,878265,8
295375,861990,8
256316,818886,8
246470,842932,8
314666,849163,8
298979,774144,0
192885,887667,8
227819,900986,8
250003,859517,8
249857,844975,8
218369,851387,8
252586,806474,0
283017,850861,8
228095,843338,8
266980,825990,8
241381,844402,8
294053,878220,8
253339,750941,0
241413,845029,8
294326,807584,8
257856,846423,8
248210,886338,8
216846,737568,0
244743,830888,8
277055,860813,8
279923,805957,8
235041,823732,8
238524,842928,8
246453,883061,8
260590,827955,8
274554,845338,8
245254,907991,8
299821,866288,8
261120,804153,0
246729,879602,8
240308,844341,8
220620,819091,8
268926,813783,8
234219,845270,8
188424,849785,8
240171,843940,8
163766,859386,8
191257,802651,0
224852,934148,8
261093,844962,8
228711,848090,8
183478,851724,8
201080,823689,8
118590,857150,8
264798,767716,0
313609,860065,8
232246,844226,8
237757,834092,8
222682,806314,0
243331,844022,8
197362,870337,8
229857,843917,8
244257,776516,0
224083,852922,8
309399,838744,8
271205,817620,8
242247,864253,8
235337,831592,8
232357,810798,0
252199,828023,8
267049,950249,8
245678,821691,8
241138,844374,8
246182,840370,8
264175,824349,8
266977,887963,8
274685,883097,8
244260,847060,8
256073,917590,8
258416,835432,8
241687,844256,8
282603,846165,8
228032,893055,8
226949,889283,8
264274,813041,0
139601,914203,8
229131,842806,8
236274,861302,8
261819,863523,8
200005,825237,8
310591,841778,8
244049,817710,8
235022,911236,8
256512,837094,8
236495,861569,8
256889,880721,8
258528,856273,8
233284,860085,8
257480,849037,8
269354,811847,0
222445,891438,8
222356,840843,8
236207,886769,8
174371,864697,8
159683,838958,8
237750,837381,8
241545,838673,8
256082,831969,8
246468,838071,8
205919,844377,8
266111,813259,0
244246,847589,8
244899,812192,0
219316,898830,8
251866,864044,8
238308,790723,0
209264,836661,8
242519,845811,8
351883,890475,8
278929,842054,8
244027,850132,8
248570,843156,8
224681,858432,8
210276,824826,8
220884,916718,8
240846,841609,8
257093,801567,0
236749,813868,8
332237,911313,8
288954,846991,8
238084,844799,8
236431,844100,8
299772,828655,8
241633,846949,8
230107,858332,8
256216,903741,8
258135,880184,8
232331,872896,8
183583,787453,0
264293,890923,8
213208,833959,8
224288,931476,8
261622,869706,8
297183,841456,8
241849,815141,8
308616,811021,8
220931,876605,8
289719,866638,8
233931,838374,8
224694,848663,8
240645,855514,8
229567,855332,8
247613,815836,8
239387,847822,8
257788,880587,8
245532,846331,8
224241,828996,8
227582,856861,8
244618,845420,8
213775,841758,8
243511,830743,8
244799,841688,8
216061,848623,8
294492,832336,8
248931,844960,8
267478,894783,8
228715,837572,8
269483,848608,8
248276,844455,8
236987,881080,8
223732,826580,8
230149,886583,8
265299,859533,8
181803,799487,0
247210,859012,8
261633,773355,0
262370,891499,8
250394,847577,8
222019,839774,8
238328,770068,0
208941,860169,8
238714,858826,8
241005,825301,8
270742,847836,8
238492,833394,8
312726,853829,8
286663,846902,8
261796,819395,8
253890,807676,0
242415,844335,8
134134,842630,8
163956,833732,8
250359,849451,8
295357,842293,8
218942,848326,8
205466,778884,0
253899,862843,8
244966,841126,8
208494,850615,8
221126,837878,8
271093,861412,8
216543,842952,8
255185,825960,8
251070,877802,8
264565,859237,8
228611,836717,8
228517,837056,8
198583,860431,8
215976,836025,8
254411,848090,8
168036,807011,8
292194,906490,8
243951,865415,8
260922,785987,0
245740,814541,8
317675,838127,8
274505,864723,8
230049,865536,8
235084,818866,8
172690,847721,8
221706,875060,8
236740,853169,8
298800,824277,8
265246,889333,8
219498,851932,8
247484,846372,8
288675,919879,8
229280,813483,0
282622,879222,8
307300,836132,8
238260,882489,8
219049,825171,8
219321,848396,8
240028,849354,8
212009,864463,8
246857,852483,8
245118,811283,0
247855,794626,0
253655,821946,8
241475,850889,8
210162,860529,8
204922,854068,8
225567,853078,8
245258,799882,0
257134,845851,8
187314,815820,8
294275,174786,11
329428,66056,11
325938,164475,11
253129,154296,11
319838,170383,11
240213,118409,11
283784,178305,11
376613,159699,11
338717,181582,11
304283,183656,11
314519,146787,11
270899,175377,11
291228,101272,11
291170,110147,11
321522,163852,11
202627,179376,11
307913,91419,11
311093,169734,11
321775,164846,11
294832,124284,11
295537,91032,11
383044,180418,11
338570,192256,11
337894,175289,11
359796,165920,11
316263,163806,11
320972,170417,11
277860,111893,11
367806,123963,11
359352,162962,11
350964,149159,11
332201,181702,11
287966,150135,11
346942,152780,11
232784,169847,11
292492,99170,11
334529,166765,11
363208,238649,7
196795,190277,11
353333,113156,11
373191,88470,11
333789,151168,11
339732,163158,11
321822,187102,11
276792,141848,11
308044,164482,11
311328,159477,11
383052,89061,11
316820,150304,11
314479,178821,11
310824,144943,11
333143,200298,11
300672,175844,11
339482,151261,11
319208,164182,11
321645,164662,11
308763,166511,11
308066,145825,11
360143,155270,11
348893,195430,11
319283,158983,11
332284,194186,11
292402,184441,11
361227,221878,11
313573,109221,11
310693,154278,11
344482,215846,11
358652,186358,11
330533,214555,11
320400,160020,11
267662,127175,11
396583,82842,11
292193,125417,11
324121,96346,11
321344,166633,11
234837,151054,11
368060,76739,11
347050,150472,11
245783,109229,11
400550,144359,11
343217,153037,11
315488,160339,11
347406,155708,11
336845,172750,11
357014,148222,11
331862,169092,11
322140,165212,11
363075,162238,11
318738,182134,11
346717,178180,11
311819,140674,11
332032,157725,11
301983,173386,11
321556,163352,11
315830,102777,11
312275,145173,11
325861,203058,11
360703,150999,11
345976,148333,11
320210,191459,11
318665,158107,11
425563,163524,11
264427,188193,11
348177,179526,11
265430,151883,11
320718,158610,11
380609,185976,11
345234,188822,11
362027,150348,11
300294,178772,11
315963,174031,11
333787,189423,11
337343,156614,11
334812,137431,11
347492,153416,11
324518,167369,11
353991,193997,11
274321,219665,11
335476,183897,11
300021,159185,11
384591,137729,11
320000,162605,11
268938,211870,11
366146,196571,11
356280,185198,11
325767,164095,11
350480,214608,11
314791,163370,11
302582,134124,11
328851,147002,11
347039,195468,11
289531,145743,11
343018,239960,7
271123,163465,11
326959,154655,11
332307,189590,11
310529,141617,11
380281,205779,11
411606,137378,11
348191,165419,11
305292,175260,11
256120,141529,11
390934,170420,11
358562,112650,11
355499,224982,11
363437,77975,11
232043,177614,11
246753,175170,11
327204,152871,11
371685,151612,11
291723,177824,11
324488,180658,11
340048,131847,11
295311,115000,11
239495,163949,11
267521,119941,11
401396,125431,11
260930,184935,11
336085,170252,11
291782,159562,11
307616,207295,11
352910,145624,11
294653,104623,11
372883,222824,11
318707,160697,11
281548,175184,11
307747,128551,11
336991,217448,11
270233,195701,11
433100,134861,11
311433,134432,11
375353,117180,11
315146,160782,11
311163,166821,11
305333,171939,11
332470,161202,11
302266,185591,11
370775,144355,11
314552,151035,11
343145,172236,11
331212,162496,11
299460,144708,11
383894,179880,11
345703,149860,11
331381,162660,11
344364,213940,11
378347,144880,11
322789,137560,11
328425,159826,11
341137,78287,11
317771,154916,11
336266,148507,11
342066,119083,11
297177,88467,11
280519,165350,11
305901,166656,11
284757,175853,11
281732,221764,11
321262,178491,11
344710,213543,11
311408,168232,11
356500,188114,11
304376,222294,11
278116,185472,11
247892,115217,11
306326,164202,11
311516,94189,11
323747,163351,11
321778,158339,11
309501,166931,11
333942,143344,11
339393,209145,11
340996,170964,11
315333,144566,11
332853,168141,11
290958,168323,11
297731,175876,11
280274,182662,11
306540,193434,11
319155,159850,11
355168,114823,11
270201,236813,9
347630,120931,11
446538,180119,11
371052,147369,11
403365,215735,11
258201,153095,11
335121,214149,11
283786,133973,11
353951,133923,11
345069,165968,11
367079,183232,11
363932,228249,11
354132,161850,11
390538,157197,11
333805,148479,11
325344,159885,11
323905,168029,11
274495,182470,11
309684,150076,11
381617,157000,11
322841,169735,11
359520,132845,11
249616,144446,11
321620,169950,11
415495,116126,11
335742,196692,11
271424,251323,9
340066,152500,11
327734,163585,11
346079,220993,11
276741,143844,11
377042,182019,11
400055,131725,11
332246,172932,11
310386,171068,11
327569,158418,11
324444,166910,11
317217,163896,11
270404,183080,11
277512,151920,11
324966,170021,11
306421,145493,11
382419,110392,11
318266,171979,11
321245,141627,11
318192,170844,11
320821,165455,11
329029,204399,11
311065,219934,11
287127,192494,11
283571,109326,11
308748,199866,11
369490,164369,11
270729,67329,11
279010,181792,11
282957,179982,11
308489,145929,11
327927,168535,11
327022,161396,11
376557,109320,11
248427,146381,11
321182,150806,11
312337,154488,11
268518,181514,11
285865,167818,11
279251,184486,11
306042,66361,11
318215,180010,11
293978,197091,11
338044,233264,7
293864,241877,9
344380,183817,11
316257,171544,11
248779,111087,11
313783,177198,11
415534,110526,11
296164,96874,11
315670,160928,11
339137,160334,11
290700,196285,11
307107,174760,11
325279,168587,11
328423,161604,11
333883,276840,7
308555,134011,11
322101,164171,11
306357,123397,11
292931,125341,11
284378,223470,11
335003,151395,11
267212,158699,11
343851,193618,11
296627,93375,11
334980,143900,11
335235,180161,11
360945,167952,11
257841,193878,11
275288,212315,11
331798,143962,11
333937,51121,11
328775,156501,11
319829,168353,11
293201,192871,11
327608,177638,11
332562,174699,11
348815,150017,11
312227,159417,11
324337,162686,11
323329,93955,11
291973,127483,11
258779,106777,11
325360,134919,11
267264,153034,11
312421,170617,11
293350,175997,11
275459,190178,11
244344,185382,11
252845,181181,11
357923,192120,11
382720,263255,7
326040,156509,11
165104,543395,13
139903,592241,13
132705,557674,13
114311,601605,13
102460,533057,13
185935,554627,13
123441,594415,13
97216,564094,13
110948,539533,13
101553,517715,13
133023,574572,13
144570,573936,13
136531,557658,13
173576,507309,9
179189,536028,13
141238,557986,13
156430,615117,13
69169,631490,13
31842,565765,13
144620,575370,13
155899,561715,13
137451,555339,13
68388,574380,13
166290,521714,13
210499,526471,13
148319,584541,13
135336,552552,13
136606,562296,13
136301,569544,13
119386,620549,13
139212,557713,13
84501,604671,13
176602,574552,13
105945,528795,13
140989,537156,13
138449,555969,13
128669,574591,13
95749,602775,13
139460,557260,13
130440,562623,13
147885,527813,13
58190,608304,13
151701,574146,13
148385,538149,13
142668,544976,13
145251,553486,13
142265,546135,13
202913,525966,13
192564,547558,13
179240,577011,13
182840,584262,13
144242,557674,13
135849,550612,13
101427,615890,13
143265,548387,13
112379,547679,13
137347,622867,13
139146,569516,13
125756,579609,13
77109,512651,13
138073,556272,13
202547,601240,13
19835,570290,13
118137,579149,13
201324,574588,13
113259,568684,13
139052,610320,13
177246,571940,13
107972,601191,13
138199,541774,13
220156,589643,13
137787,566189,13
138122,557230,13
93136,613387,13
154620,576738,13
131523,568207,13
136967,565662,13
142886,556511,13
125005,540340,13
138965,558201,13
139474,569485,13
171471,576787,13
157138,565993,13
198294,552987,13
136078,547418,13
140164,531093,13
156003,502860,9
67867,545392,13
133780,533275,13
116142,550919,13
148510,579793,13
179224,584189,13
149906,546909,13
29760,557873,13
115287,602637,13
206561,574789,13
108651,521409,13
115905,560139,13
127373,549518,13
141699,530028,13
141641,557376,13
111855,531542,13
136580,553967,13
137516,556818,13
179793,483378,9
105568,584102,13
125840,520239,13
117212,565692,13
140717,554093,13
139033,593287,13
172882,571145,13
104862,608089,13
158366,537970,13
138525,534268,13
69565,599820,13
94571,528963,13
153185,562792,13
147599,513563,9
223226,546198,13
143879,536650,13
151099,518008,13
109317,531425,13
127202,525948,13
137740,618961,13
138734,557713,13
109912,565003,13
158060,525533,13
260096,530550,13
134449,557556,13
121650,599844,13
188992,563992,13
207218,589497,13
179830,547383,13
152331,529689,13
112184,530469,13
166904,503121,9
183026,545377,13
152658,569277,13
172116,513383,9
95899,530846,13
144325,538991,13
166597,572855,13
105193,596017,13
166840,562425,13
117089,561455,13
141718,549576,13
117959,536156,13
125351,529954,13
140706,547367,13
138012,558263,13
135284,555664,13
142663,556520,13
112673,516997,13
137657,611252,13
119237,591137,13
186380,487625,9
113099,546732,13
176278,550602,13
158773,588778,13
140962,518168,13
144856,551807,13
155943,576199,13
152584,564548,13
165356,570715,13
127858,609681,13
257984,555707,13
149758,564768,13
129550,560106,13
159271,568953,13
151374,538387,13
129030,588495,13
155430,549012,13
172756,612694,13
93459,514032,13
99569,523174,13
148080,544056,13
169322,577938,13
173847,514665,13
136418,562926,13
140047,540043,13
74519,527539,13
146681,562995,13
110877,562558,13
95071,503965,13
136232,576477,13
146120,576624,13
259173,548593,13
107965,535173,13
103153,601002,13
158283,570550,13
206219,604081,13
116492,509399,13
97430,598804,13
193275,538687,13
116860,550810,13
179834,541387,13
143226,522375,13
111174,539350,13
94933,588147,13
139434,557410,13
131532,536658,13
38179,532155,13
113321,606322,13
123905,508486,13
201753,569116,13
206660,575002,13
138884,529162,13
139636,565984,13
110479,594587,13
76253,529394,13
160280,493497,9
161475,587507,13
149054,556986,13
223408,520131,13
158596,562634,13
141991,539522,13
137172,523482,13
161154,538355,13
130157,581286,13
142000,554964,13
86243,559135,13
130883,557824,13
127964,538935,13
122130,568886,13
210597,589836,13
139847,552015,13
147664,559632,13
167716,562762,13
130657,555545,13
165382,518876,13
221994,575146,13
87236,607429,13
154268,542573,13
197367,535989,13
133094,557996,13
155274,552551,13
139911,561185,13
146924,565933,13
146183,622188,13
176092,531921,13
184402,546549,13
139641,557503,13
170816,547069,13
156474,570384,13
146678,558942,13
136569,532130,13
162124,500069,9
127503,623654,13
182854,534283,13
141222,572556,13
177665,557923,13
201907,516078,13
130249,579307,13
166560,559687,13
138220,560056,13
134725,537440,13
127940,590467,13
143592,606949,13
64979,538104,13
94061,576129,13
79285,554817,13
103192,550021,13
198823,538624,13
145758,562414,13
211584,591058,13
139451,549580,13
220224,592068,13
150404,539885,13
142767,538646,13
143912,595772,13
184412,537050,13
55359,623076,13
137197,556522,13
138461,558771,13
80673,566893,13
203667,577260,13
94249,600812,13
145244,561042,13
94458,533883,13
130201,562734,13
98675,580608,13
134422,544300,13
141771,551655,13
141924,558399,13
137316,562151,13
143363,551365,13
197849,575524,13
134261,519275,13
129997,568115,13
170494,560892,13
164453,544085,13
128788,546091,13
88703,577217,13
131109,568012,13
95074,570002,13
232047,522748,13
125548,552424,13
142563,560090,13
118391,553625,13
132497,593125,13
162713,586568,13
122296,566921,13
56907,586609,13
48143,523870,13
104489,542515,13
130582,565948,13
180633,570302,13
241485,523039,13
178005,594957,13
211266,534538,13
137680,555667,13
144401,565666,13
101722,535117,13
115781,594942,13
107160,530936,13
139978,587153,13
179931,536588,13
105353,589239,13
119496,543146,13
142575,517378,13
76661,531044,13
137699,556769,13
154964,554923,13
142516,559062,13
98525,579761,13
163925,576666,13
153326,558408,13
262846,559590,13
102898,592834,13
138349,554238,13
193502,557364,13
202175,495076,9
154162,536416,13
77875,516899,13
163477,561507,13
131874,552586,13
120357,560737,13
119535,551857,13
114108,540537,13
136059,558213,13
121786,564225,13
233105,591646,13
149760,577278,13
139237,548782,13
34795,606311,13
147663,555514,13
108512,525986,13
509279,180548,11
495165,163113,11
474652,193224,11
507786,199578,11
566666,195255,11
506012,178372,11
541435,206637,11
507311,177795,11
461701,188438,11
506069,169723,11
477155,161019,11
505044,180646,11
467697,168082,11
511868,170991,11
500225,177559,11
460616,174810,11
573755,218049,11
543616,144788,11
509804,175714,11
542311,161882,11
475944,189337,11
517750,199025,11
520952,169184,11
559076,190770,11
416763,96639,11
549384,208450,11
549147,171454,11
520880,200955,11
484348,202813,11
487472,166999,11
504728,174541,11
465734,114090,11
570266,188032,11
505584,176135,11
514739,189624,11
500589,181466,11
504096,192493,11
553118,165472,11
502511,205121,11
551798,221411,11
502737,174437,11
513181,177419,11
513010,141058,11
535564,177248,11
514551,176526,11
450030,169537,11
521152,152439,11
505512,203857,11
509928,184873,11
490271,216725,11
529931,180136,11
508228,220433,11
534461,178056,11
508551,174306,11
545365,210090,11
510414,142485,11
507895,177445,11
506288,177990,11
512560,224816,11
454160,102568,11
437116,148591,11
519003,160741,11
509173,178051,11
507674,147431,11
513562,229098,11
473361,185066,11
517580,170329,11
509285,174620,11
510496,174308,11
438860,114065,11
534702,244239,11
504755,150226,11
474135,199330,11
508907,173787,11
509651,149290,11
490956,124550,11
499637,194036,11
515856,148316,11
482568,159010,11
522728,184704,11
493070,189771,11
483807,198925,11
469656,153741,11
470041,102049,11
576965,187481,11
515230,149567,11
469470,189347,11
484678,123623,11
509554,186931,11
480787,147737,11
523036,123677,11
508144,167733,11
515450,173220,11
489378,172861,11
497406,125809,11
514173,139330,11
520809,176718,11
499009,205823,11
509773,148899,11
505117,141877,11
494698,176711,11
501334,163002,11
502500,176532,11
546565,151576,11
520878,209094,11
486891,175164,11
512241,169240,11
569692,182365,11
491382,122267,11
457033,127590,11
535453,200970,11
436641,55171,11
520845,176291,11
496130,178113,11
507473,227670,11
507092,175151,11
493714,173387,11
528826,154067,11
509951,176794,11
505400,160422,11
473316,162622,11
489504,146224,11
516888,152451,11
505128,175022,11
520819,181586,11
506812,167031,11
495032,203929,11
508789,174256,11
502302,210265,11
511106,122518,11
486997,164803,11
535787,199735,11
540364,163758,11
496006,191010,11
497454,172375,11
488330,173837,11
547076,156969,11
509956,141698,11
516084,178725,11
535034,172649,11
529858,213114,11
496384,166644,11
519201,139101,11
575022,213534,11
469404,181944,11
464672,193513,11
491609,180519,11
470314,178936,11
481067,172555,11
508797,176269,11
491145,206344,11
485361,169229,11
474527,107596,11
499643,171625,11
514722,190943,11
474641,81263,11
495995,160032,11
516963,174184,11
521006,163218,11
434581,123267,11
514876,182995,11
501416,172980,11
513991,165072,11
512900,219252,11
510739,121103,11
509522,174376,11
507862,172954,11
512716,181316,11
483423,111797,11
505603,147517,11
482628,171320,11
541790,172616,11
473649,178184,11
520763,250478,11
494000,189403,11
533931,173291,11
485110,150541,11
528679,199079,11
545699,174099,11
517495,186329,11
520461,173217,11
456821,105575,11
495388,156422,11
514934,219169,11
508989,168995,11
500474,169746,11
504511,149234,11
467144,147308,11
512733,174091,11
452791,156805,11
488800,197919,11
593887,210595,11
561725,168220,11
528011,201615,11
514428,222503,11
512051,145220,11
472054,129986,11
507959,166780,11
518068,137556,11
561110,219865,11
563315,215613,11
523779,163905,11
490037,164357,11
519421,154681,11
504373,165819,11
513957,139202,11
486422,178919,11
533351,147778,11
511030,221292,11
496069,102201,11
496491,171534,11
497254,171940,11
518892,165875,11
481083,151953,11
507741,178883,11
486224,196184,11
509039,173839,11
462658,75167,11
519680,208378,11
499676,196897,11
480876,160465,11
521032,177084,11
486034,196122,11
505225,158750,11
485968,123023,11
478442,125560,11
502355,164119,11
502915,183059,11
497211,174121,11
537174,194410,11
505293,194591,11
491442,116195,11
473202,140745,11
505079,219082,11
541455,223176,11
528938,174372,11
528094,178343,11
520759,184923,11
538994,179328,11
507832,181513,11
493897,189627,11
514408,173338,11
514391,156592,11
513362,223841,11
443618,157237,11
477746,163845,11
480571,204150,11
486326,174643,11
505384,174535,11
541220,177840,11
522869,176818,11
497255,188783,11
545240,221008,11
512291,169608,11
576158,210283,11
508099,175066,11
545455,182232,11
537836,177165,11
508597,173640,11
507445,193647,11
524397,239456,11
527753,213985,11
528766,239937,11
481356,162127,11
541498,192746,11
506142,170513,11
494574,198972,11
477901,173288,11
509223,177592,11
532010,176195,11
541006,175198,11
490355,153464,11
566524,179796,11
550216,184337,11
516085,195504,11
523796,219588,11
511118,175212,11
445043,152257,11
497582,190801,11
514622,206979,11
479631,178459,11
496476,140337,11
498389,178069,11
506361,225237,11
519396,177174,11
529409,157228,11
501111,157402,11
514219,167014,11
558307,203307,11
545957,196749,11
508080,175697,11
589900,217899,11
509383,167302,11
474516,189144,11
498730,183037,11
473093,188791,11
471328,176297,11
510901,175806,11
559809,162597,11
499272,168413,11
514981,172608,11
511289,183247,11
455460,153040,11
519962,175210,11
532549,172894,11
516128,178722,11
519113,194925,11
502877,192740,11
520782,134308,11
574369,207483,11
515494,188459,11
486870,146947,11
484395,107291,11
504243,237336,11
483776,213021,11
536623,213083,11
544539,180391,11
502002,166223,11
500801,185558,11
525670,184762,11
481841,209337,11
494317,170837,11
521153,242968,11
473933,191767,11
524502,248106,11
487952,168607,11
460133,173081,11
453261,148432,11
491792,214464,11
497815,165151,11
515348,184750,11
598908,254032,11
558478,213316,11
538228,168834,11
464634,173867,11
518675,175686,11
533566,214619,11
540196,180312,11
500360,213540,11
517882,175467,11
549642,157506,11
511368,173673,11
506815,173387,11
500192,192292,11
533775,163036,11
511484,160453,11
489062,200329,11
537514,179689,11
551867,170425,11
406184,394506,7
417996,408162,7
428667,451233,7
425386,379634,7
388202,405780,7
370955,325071,7
353749,391896,7
398629,401626,7
393402,401018,7
465599,383470,7
400257,404936,7
444610,400247,7
392046,391220,7
410506,395586,7
508805,429073,7
424782,449687,7
384467,407359,7
397399,403186,7
449683,388863,7
387756,435588,7
451753,383440,7
414448,429790,7
394599,409068,7
387330,409037,7
402109,430185,7
393825,453067,7
412111,418466,7
397213,377839,7
361159,436327,7
383075,447616,7
383832,340506,7
402227,414685,7
411957,397796,7
377408,395123,7
417231,381303,7
442915,420573,7
415394,396940,7
420792,430901,7
397791,444527,7
385804,393101,7
384572,388523,7
402069,434868,7
414997,432597,7
392919,405103,7
396150,430329,7
439145,407748,7
401240,354085,7
424228,442208,7
336023,416862,7
351352,362910,7
413549,408517,7
341775,425156,7
424811,413300,7
402677,412615,7
419118,421655,7
354601,358760,7
410682,349328,7
399020,404042,7
392258,405478,7
353941,399967,7
411471,446824,7
397158,370362,7
431117,394746,7
395246,392783,7
400468,405703,7
354094,424230,7
352429,359750,7
358830,431609,7
387039,365758,7
395013,387179,7
400545,404212,7
435067,403802,7
394436,450912,7
376444,371957,7
433463,410297,7
426625,475977,7
424241,452915,7
396520,405610,7
347638,429109,7
374797,407601,7
451670,388347,7
373684,418326,7
412615,403902,7
392428,402295,7
389868,410718,7
383022,409854,7
468350,395883,7
373339,398565,7
383878,376230,7
434815,388041,7
368864,411216,7
321050,422497,7
276794,384458,7
383197,409869,7
381340,409680,7
415521,368125,7
404288,349685,7
367922,415238,7
422056,382193,7
407334,445969,7
373917,427628,7
422261,374345,7
392728,411341,7
336585,420977,7
401730,354294,7
401854,402867,7
401330,395538,7
393903,387227,7
399188,402459,7
389510,370897,7
399858,403574,7
343651,438750,7
388743,388465,7
398246,406245,7
400727,396769,7
399077,403968,7
402071,427626,7
405902,394724,7
383992,398245,7
372230,412488,7
418086,394699,7
400305,466024,7
380458,329635,7
338347,337961,7
411171,426853,7
392447,408539,7
375233,399429,7
385338,440797,7
397764,406712,7
414290,393146,7
394846,407130,7
402252,414628,7
332913,385678,7
396517,394572,7
388479,343648,7
405569,411933,7
444816,409502,7
393659,439272,7
415222,434798,7
396621,381952,7
416893,347737,7
398980,407667,7
404273,429948,7
397851,400846,7
447192,359893,7
350428,392503,7
451853,420873,7
402566,415798,7
362753,369848,7
407188,396576,7
380139,434251,7
409167,449719,7
405470,392374,7
359036,365793,7
398617,402424,7
408714,391412,7
382222,441817,7
403751,385539,7
400548,402390,7
393828,404314,7
373943,376926,7
390182,360941,7
391776,409868,7
342501,336320,7
401923,417123,7
342400,426090,7
405325,407466,7
369480,377148,7
416110,374296,7
401162,412142,7
442931,430123,7
478361,409520,7
401313,405195,7
357466,354094,7
417617,414816,7
417281,410881,7
470047,410943,7
378824,430343,7
369227,397853,7
397918,462032,7
397331,407010,7
427810,400178,7
401708,409924,7
426172,363147,7
401411,414503,7
409823,412908,7
386068,422517,7
398255,405428,7
346358,384801,7
397735,448097,7
348847,425164,7
394761,461494,7
357253,388075,7
402267,410395,7
415233,441297,7
404445,402466,7
408224,399767,7
369044,371649,7
343119,382074,7
416750,435776,7
387103,401925,7
368200,364844,7
393758,439738,7
418623,404382,7
402660,406054,7
427749,457110,7
405356,391545,7
432184,395118,7
322936,368566,7
402710,424367,7
456025,389630,7
395450,407822,7
377941,403683,7
407576,434017,7
348263,386451,7
391966,387214,7
392576,406460,7
380236,460907,7
398153,407081,7
399942,385908,7
398795,472619,7
467535,416014,7
377758,413906,7
398724,404179,7
396710,378698,7
377588,402670,7
408992,462226,7
423371,373970,7
412861,434751,7
403160,392159,7
395168,404189,7
399346,423786,7
409244,460295,7
429515,393708,7
370602,353215,7
356739,417826,7
408147,436628,7
436362,379677,7
399291,386712,7
396081,396707,7
419200,403389,7
383855,390984,7
370252,347498,7
460198,402706,7
418046,358461,7
408500,393942,7
397618,404912,7
392660,395873,7
406739,400918,7
439048,403700,7
392424,375266,7
379128,418858,7
391970,419802,7
389279,424006,7
468907,448885,7
410601,410653,7
396556,406492,7
417795,405673,7
375971,427549,7
414374,439977,7
368363,409733,7
402081,407514,7
399753,404222,7
424840,479570,7
381863,416651,7
394606,401451,7
389520,406500,7
418140,415328,7
387461,394402,7
391384,413273,7
391439,399819,7
365223,422531,7
407189,437102,7
415933,422485,7
402031,426039,7
428513,456990,7
382396,405483,7
368166,429422,7
418636,440000,7
411674,402377,7
424365,371987,7
394159,411676,7
371548,414612,7
460628,434107,7
399717,403257,7
361875,448199,7
393424,399084,7
333682,401078,7
377870,377550,7
405117,364266,7
452398,378671,7
397889,398501,7
424089,352640,7
417494,392231,7
402851,395579,7
376493,366302,7
460684,371809,7
449571,387141,7
405322,414743,7
420489,448078,7
377975,461076,7
492551,434649,7
477323,384551,7
359740,379592,7
429653,438596,7
361814,411086,7
400660,404811,7
410418,409414,7
392162,355397,7
376145,414107,7
371464,328177,7
379593,380662,7
448231,384406,7
404157,406324,7
420616,401526,7
398985,413427,7
400538,407020,7
391530,398743,7
408182,408351,7
435926,408504,7
411090,435389,7
398311,383357,7
409291,431539,7
399460,399410,7
400473,408327,7
399693,395271,7
431437,436764,7
312123,419763,7
411053,432808,7
401616,404245,7
364455,436191,7
407833,402474,7
367864,442851,7
437870,375761,7
308726,371721,7
418996,389541,7
371498,393120,7
407429,399155,7
380749,403860,7
399997,411205,7
377215,418429,7
380202,396671,7
436034,385951,7
395210,357805,7
415136,446807,7
315013,318367,7
372424,413163,7
340966,420480,7
354767,417464,7
387165,404027,7
854654,549222,1
889260,541423,1
870826,524625,1
868025,569296,1
861364,598127,1
825141,535997,1
906640,587296,1
906396,535803,12
887896,558572,1
817776,525600,1
844066,546029,1
848976,558706,1
897131,604582,1
845120,549830,1
872241,556733,1
857818,534525,1
794265,594573,1
857126,548151,1
842786,614034,12
889975,589361,1
841130,529745,1
813561,583156,1
855603,542414,1
887556,531797,1
837032,509264,1
852037,649724,12
793791,581315,1
904450,533427,12
879722,550246,1
839088,528460,1
869369,536868,1
871873,509094,1
900991,497149,1
919544,541255,12
860520,544023,1
863042,557890,1
889805,522039,1
879031,489881,1
852918,552112,1
903840,586229,1
932662,537069,12
908506,549611,12
867533,542290,1
844617,499013,12
862002,534006,1
883981,607581,1
864265,549505,1
883062,547498,1
860870,546516,1
895565,501871,1
843344,604964,1
864059,545894,1
830888,544022,1
858819,544904,1
853562,531620,1
873791,606643,1
859213,538040,1
841843,503359,1
842719,506205,1
847904,574114,1
863859,546898,1
888919,535805,12
855045,547633,1
863102,545783,1
829747,530312,1
850607,565348,1
810277,520837,12
879104,595389,1
840406,538772,1
838367,536676,1
837457,518745,1
861519,531277,1
816056,542574,1
862534,547936,1
808555,600511,1
862571,550965,1
832010,554080,1
882403,534710,1
840020,568424,1
865030,541150,1
846594,522941,1
890223,556874,1
873136,513309,1
846622,553552,1
905770,531812,12
803216,577565,1
914183,620056,1
877510,555087,1
861193,573954,1
840994,578455,1
875640,561262,1
876782,536438,1
849501,552769,1
866973,550375,1
906382,534459,12
822722,553764,1
861656,545794,1
856991,546255,1
865081,551012,1
895680,609341,1
867801,548156,1
846324,557586,1
840059,534876,1
860473,545982,1
937823,540173,12
886532,500026,1
904133,534915,12
880545,506175,1
833499,504718,12
854979,539793,1
818739,545052,1
825596,639465,12
838036,542999,1
846216,528037,1
850790,525740,1
864040,538985,1
869818,543227,1
879309,561548,1
860563,534839,1
846082,541026,1
860151,543055,1
847292,559228,1
838239,576018,1
837307,548214,1
853093,586321,1
884326,479802,1
838978,622330,12
842903,567914,1
832490,450680,12
844948,563321,1
859577,544625,1
908409,591215,1
819843,570485,1
875625,599766,1
887780,536497,1
884613,507507,1
849858,524682,1
846741,539481,1
870630,516603,1
843111,581603,1
869718,536928,1
857648,511640,1
881571,532467,1
860230,528054,1
861966,562885,1
898736,548642,12
961951,577029,12
866878,501919,1
874791,559085,1
874239,594786,1
915504,527751,12
758172,608152,1
859515,505303,1
861033,507671,1
837880,444574,12
827672,545966,1
869960,562146,1
858151,548242,1
877440,529137,1
821835,564313,1
846371,578530,1
829482,475863,12
860507,526669,1
878696,530134,1
837312,572687,1
886773,509047,1
879805,547494,1
859679,541785,1
910683,612854,1
860863,546060,1
874110,541972,1
790149,565157,1
873984,580836,1
873742,448214,1
894785,440382,1
874312,574582,1
879902,518647,1
851462,526597,1
839012,550376,1
808097,502521,12
879500,590791,1
864721,548447,1
866044,584750,1
876151,582116,1
819250,517655,12
807278,566392,1
872033,558924,1
894268,532597,12
846752,613846,12
850478,566230,1
849777,531138,1
823584,568458,1
823202,619103,1
843715,568319,1
861023,545953,1
889743,560547,1
862785,579661,1
880833,537039,1
854374,550707,1
842616,515205,1
860721,547751,1
831024,505776,12
829240,591428,1
860384,555572,1
853348,525893,1
849118,571562,1
856167,542249,1
853874,560250,1
838808,524944,1
814561,575281,1
773292,531652,1
891515,520429,1
805884,549492,1
833437,556713,1
843432,490725,12
791355,529644,1
865157,562132,1
920249,551171,12
808777,512952,12
898916,630099,1
863706,491401,1
857231,551055,1
877413,541536,1
838821,563842,1
854037,528890,1
824475,518063,1
857360,562228,1
856437,532452,1
862117,600081,1
839280,539324,1
885379,603686,1
859185,553000,1
865020,550686,1
882007,593653,1
861027,546004,1
846772,509036,1
844627,556401,1
861069,548327,1
854342,541611,1
844086,531300,1
923996,594948,1
832154,559403,1
803202,549001,1
856619,544008,1
897286,558004,12
851216,516166,1
858537,548576,1
828001,524067,1
849327,548496,1
858278,544519,1
793875,473793,12
766617,548142,1
847728,576707,1
858418,546935,1
816840,539239,1
852687,540692,1
861927,562723,1
892382,513991,1
811745,461099,12
800152,576217,1
870139,566584,1
859492,572224,1
830226,483466,12
850674,533083,1
834632,541216,1
899052,526048,12
925485,596955,1
893145,551400,12
839493,521150,1
883434,581923,1
873380,495161,1
765011,607246,1
898578,612291,1
906772,510158,1
858325,586062,1
795909,462864,12
812634,554848,1
846841,533595,1
810817,509540,12
826192,577784,1
856552,545271,1
848628,503773,1
784291,581417,1
890613,567037,1
870936,575427,1
851166,532382,1
871544,592403,1
870337,534303,1
819580,545900,1
912649,498734,1
870214,556246,1
853279,560714,1
857319,543529,1
878519,606677,1
858057,542933,1
860375,544804,1
888111,525539,12
892877,544283,12
788776,582930,1
875311,542259,1
875248,462524,1
835831,555864,1
885828,586348,1
916704,609548,1
893991,544467,12
866352,535933,1
872247,494281,1
832372,600070,1
902302,514170,1
877298,565604,1
873636,510687,1
854818,554389,1
915666,506439,1
905849,524809,12
862062,545736,1
871981,649086,12
900829,590250,1
859419,546754,1
855983,534803,1
916082,517633,1
874877,535143,1
885963,528959,1
853439,518568,1
855177,626376,12
814249,488483,12
857283,548467,1
865489,548920,1
913686,576892,1
880275,564545,1
861381,546835,1
880958,588608,1
868979,528502,1
872237,555834,1
861868,549168,1
836951,546244,1
836874,555991,1
769546,554722,1
855074,542557,1
868128,568529,1
878859,540155,1
852267,498220,1
874125,543036,1
846646,548548,1
851517,541076,1
806888,492319,12
831779,577161,1
860259,545444,1
892423,530999,12
838442,506780,1
853291,557685,1
730887,825972,12
645233,927201,5
645563,819480,5
573324,878802,5
693699,822637,5
649412,856993,5
684558,878573,5
656658,854609,5
651506,856097,5
618405,842859,5
667280,765619,5
600996,890782,5
674463,862486,5
676694,851597,5
620685,880813,5
716590,874975,5
721401,951880,5
657094,857640,5
644693,867371,5
633601,861482,5
673646,857346,5
657184,855509,5
708244,871834,5
659081,860560,5
657811,885904,5
642843,909185,5
709303,897538,5
610505,851476,5
612648,772280,5
673196,812941,5
673267,883727,5
694451,863981,5
678869,902492,5
690018,819280,5
677983,890077,5
639997,865965,5
709254,847444,5
679799,858680,5
664355,831472,5
659166,861665,5
692386,863386,5
688076,833905,5
680506,840053,5
641840,886745,5
673292,857105,5
622212,860015,5
736557,897961,5
668234,886696,5
675013,876331,5
675902,853961,5
695092,820091,5
730287,897070,5
691716,873426,5
722404,952207,5
678606,878004,5
664156,846474,5
688118,911574,5
674492,861230,5
675382,836312,5
664639,925795,5
626334,852383,5
669690,842110,5
653177,819935,5
674265,861435,5
677404,883871,5
672212,860894,5
715956,900724,5
674236,877152,5
679818,860064,5
578509,923881,5
680381,823757,5
720629,816515,12
640210,902029,5
671772,860357,5
618009,867493,5
672628,882986,5
680261,863401,5
682100,853708,5
681049,846975,5
668567,856554,5
656957,871011,5
662293,872590,5
673953,835926,5
718544,888401,5
648590,917839,5
699124,824089,5
668367,855686,5
675866,868784,5
700098,894685,5
683156,877209,5
661357,801817,5
789095,895634,5
673332,857517,5
627452,835854,5
672059,860501,5
665048,854911,5
683580,872374,5
668839,882598,5
682510,905902,5
671235,856653,5
680228,843225,5
662249,918050,5
674961,865594,5
679211,886670,5
676220,858214,5
567861,856582,5
668228,858122,5
682241,850176,5
712262,856869,5
671325,856592,5
680592,858526,5
683098,847245,5
646816,829778,5
675633,863416,5
677551,860007,5
683656,842406,5
678195,860537,5
700747,821557,5
679054,898217,5
676360,866112,5
665308,868551,5
665775,845662,5
660459,860658,5
670119,859029,5
672068,874862,5
644301,925034,5
704574,866263,5
665660,828338,5
680579,836946,5
682053,853410,5
672544,859978,5
713088,880834,5
680969,838864,5
674151,853540,5
664903,839150,5
641902,755287,5
683610,910782,5
676962,897430,5
594720,848457,5
658748,777680,5
700341,869730,5
640432,837036,5
668519,860048,5
672668,861428,5
638004,837697,5
673071,856021,5
668772,858570,5
636871,929410,5
599612,859210,5
739318,810528,12
654937,781879,5
663095,949045,5
658734,883214,5
647968,877873,5
682699,851115,5
684739,884934,5
667620,855461,5
616281,845406,5
697161,840318,5
679237,862389,5
664260,859029,5
674121,858589,5
700962,927047,5
723397,859761,5
648230,857418,5
677896,867053,5
680828,839011,5
680757,826912,5
673826,880137,5
694897,834591,5
683585,905984,5
671609,815681,5
669748,863109,5
674659,860894,5
659734,844127,5
656156,868643,5
653258,860766,5
684131,898331,5
666516,859837,5
655237,871554,5
653592,959882,5
659280,845579,5
646422,900526,5
627580,840406,5
604546,847329,5
631316,837043,5
705518,925936,5
662898,884734,5
718088,852181,5
666315,872311,5
710082,881600,5
674433,860605,5
685821,816579,5
678856,850293,5
669427,846395,5
687043,806921,5
657981,866945,5
676480,860779,5
704065,832648,5
669178,866011,5
693783,860206,5
683027,876064,5
670957,810768,5
674134,908464,5
637665,858741,5
664325,877878,5
664025,801796,5
672800,874378,5
685124,873363,5
674496,870664,5
684602,823981,5
677769,841641,5
651576,865180,5
650720,817440,5
674472,860330,5
673028,860593,5
683413,861559,5
669638,842011,5
674365,860819,5
687360,862438,5
662684,813662,5
673242,886958,5
674311,859933,5
595580,798572,5
636769,854047,5
685551,798742,5
663945,828490,5
717187,883275,5
706906,885612,5
675988,841317,5
671976,864630,5
669366,869654,5
651216,815098,5
676767,832479,5
657879,857942,5
665828,868934,5
674905,876286,5
640000,863831,5
672818,881943,5
634800,823669,5
658590,886551,5
639463,847461,5
625416,868848,5
672266,862875,5
723173,872525,5
688098,908495,5
673410,863889,5
679788,889464,5
615826,863168,5
598671,854219,5
753254,840123,5
669430,905798,5
726847,875488,5
648443,845340,5
674114,970756,5
675551,956849,5
677459,896720,5
634004,895206,5
653745,809028,5
682420,846881,5
666636,858686,5
682481,879399,5
656834,885944,5
718257,857481,5
672598,856928,5
693997,774817,5
612392,916853,5
671444,860206,5
671404,857240,5
689628,868984,5
704570,845515,5
652233,886054,5
705929,851313,5
682315,843851,5
667131,849230,5
707894,904500,5
649345,864613,5
629998,877765,5
659542,840985,5
621278,888326,5
682304,876841,5
679747,860939,5
663049,843538,5
672876,844123,5
689948,850548,5
696257,894819,5
629377,853726,5
658034,897179,5
696808,866039,5
699668,863774,5
669697,859388,5
606506,766728,5
672474,868765,5
697011,856357,5
708262,945359,5
653181,886417,5
674521,861127,5
729194,856897,5
663168,859429,5
644843,838626,5
672797,843231,5
680677,868629,5
614497,830844,5
646671,857872,5
679242,853941,5
665697,929571,5
749941,916922,5
602365,916673,5
684537,843821,5
694308,904062,5
731712,878998,5
667713,847241,5
730383,879136,5
689363,817577,5
728743,850843,5
683941,915579,5
722463,882675,5
670519,870010,5
683252,858182,5
669288,860515,5
675357,870850,5
673449,860643,5
687325,883004,5
603472,894573,5
669713,851017,5
693362,837786,5
605535,925341,5
687078,791051,5
672387,800443,5
683048,937776,5
713579,879202,5
571669,873544,5
695260,824882,5
702654,841548,5
601619,825604,5
564416,878492,5
703773,870419,5
674931,870112,5
673140,864863,5
681053,892766,5
683321,873932,5
701017,931252,5
645677,814395,5
677362,853471,5
659046,930099,5
665426,853940,5
691827,863963,5
650661,861267,5
599647,858702,5
684091,842566,5
